gal_number,mean_v_sig_ratio,mean_sig_v,mean_sig_v_z,max_v_rot,mean_v_rot
1,5.841279929161516,42.19945660605307,38.9066952094254,250.15275449472622,223.35282718800246
2,10.429383406804858,25.46017788174635,21.209863054858122,260.3641141405007,250.4012154364043
3,1.0892849909297662,233.03334212880836,247.40025789041962,-183.80349203343548,-245.0542790398204
4,0.6180919607770172,30.141994970979088,23.17354966270594,43.10018264168959,19.504920530528594
5,3.6190848056983422,98.44354680914854,99.49538631299895,374.68233652240616,346.0024671047354
6,0.0,0.0,0.0,0.0,0.0
7,6.560451209533556,38.27695202537317,37.32037827408322,247.552630846762,243.26270718268324
8,4.847849477382649,30.30265055136545,26.908793641516443,168.3415848914891,132.89655590130556
9,7.207649990162896,72.70543140695163,64.61331720690974,419.1010483587047,399.9908968277393
11,5.080241542010333,38.88052600047059,33.0002663506413,203.36803631354914,194.49244061045763
12,2.522663036273602,34.962303320647244,24.01928673155446,129.15117011703637,89.90498678766384
13,2.6100283359408714,31.54732584510521,26.520395787567594,99.34891611563377,76.86399843849483
14,7.419574789269176,46.23349558144946,45.381951794017915,400.98173015971065,337.6601493871639
15,1.4312652282140998,31.36173542387439,23.129564431152634,71.78235022950814,40.88026142176938
16,1.5846765461477592,29.296896274287295,25.849769095533883,83.10377364747106,49.8307925457947
17,1.2817089708299303,10.241326926722964,7.057275823348377,-0.9917589269200578,-11.370341670644466
18,3.0832765554114268,23.213084754288076,21.243144107961516,107.6923705823916,67.51107628370357
19,0.4222846493231083,52.355741879251845,52.17539172887555,60.3202920671054,22.665017474363975
20,3.547938892077507,18.11491474506472,13.087004370254315,91.420364482192,58.070862152940805
21,2.8711889017218315,12.45538034632614,10.310292498288412,53.464807541779635,34.08734507273655
22,2.1912473281337648,43.33225736775314,40.52137220774905,103.71302143363991,72.29188338199032
23,4.107223048970794,46.06223656366229,28.636590097977983,189.72332352462593,181.02339591114776
24,1.0037263943851633,69.9694715752998,67.7185924071453,182.10282361737114,70.236783433391
25,2.7764096297908716,21.138252702479797,19.009508939594134,93.9922316865507,53.94511914793251
26,2.944992075210884,29.936440738453996,23.146045446340494,118.40473919617187,78.01133657090206
27,7.514179951142054,22.04249210098447,19.568431243174178,180.79673626031334,162.4017494373234
28,1.7323645564491106,81.80862726985048,82.97783957561829,172.72584585444122,141.3187495375433
29,1.903109234523704,47.931689336454575,47.626014636449334,121.7615530917319,83.2364066600972
30,0.4789306115305712,29.020027145790923,26.654300771945078,28.363976423693195,10.571243110321609
31,3.2078995764495772,25.343635921014783,16.054661620237706,108.1977896447564,71.57907750562644
32,1.4691433621564192,9.057712864277791,0.0,15.54242286681489,12.89058143220364
33,2.2715533729122206,153.52217559921894,148.67702088405187,358.17199485936,242.74585073172273
34,2.244775068830533,25.693047485966783,23.384818912317822,87.23845615654722,54.03891451529764
35,0.6436814153318458,10.645883468930357,6.290539166613624,10.992091712995467,6.6345377284240845
36,7.418917094202342,15.109383077717707,12.473775756915245,129.13158607116233,108.96271783175234
38,2.230690084046206,68.09516293709778,74.71033193933339,167.60329320192858,149.42232089276789
39,0.9656905725230075,28.125513883949097,22.33372979846557,50.09901017610678,26.98554191030706
40,1.9039482298204087,26.97280536463188,25.155197338950476,60.9863919786201,45.943271788353634
41,0.20925737843304984,73.20761597048754,70.35287346594798,23.075044438767176,15.038783549372193
42,0.23263983031968874,6.0885970292094385,1.7048468244470303,2.865555916955912,-0.6564389567107756
43,3.190155056062414,17.90558786828662,17.667860614554836,81.5217681871973,56.561217906455944
44,2.5155062098603422,21.371456757029296,16.77720924041513,64.92945580039891,47.82114147123772
46,4.590953273716916,14.276476849843727,10.13747175148755,72.85322954422713,62.29039327233574
47,3.351448727968991,33.81530589550223,31.829443030871612,144.5868252426396,109.29876810530384
48,0.8532591496698433,17.261973224625013,16.311876001980128,27.555619081428862,15.299634324172544
49,1.6086057668225866,27.731135147445723,24.902627787948376,69.23526272705055,42.058231475701184
50,2.855479103494026,14.408441705410963,13.081298398096289,78.35642522069791,42.70178087266846
51,5.265209747541205,25.845126694649213,21.268447209622984,142.24153730039686,122.21534861061018
52,1.3812797319739618,17.602921506806435,14.821778397237033,47.951634579261544,24.37686451529139
53,2.866242341230065,30.613700912804486,25.155826524545066,124.2155991225927,86.41171916663065
54,5.556476233436183,18.08411979799565,15.25425249238536,111.69935000739362,85.22085648191702
55,4.822235385448014,34.66600953610455,39.40906102346379,149.53564041105807,140.33759486213557
57,2.1910838880924586,37.289961456674,30.465105698328923,116.4653823791947,76.80875576640608
59,0.05161567256531493,36.291047533366005,36.98195606245489,39.48284073798783,-4.1283055449369925
60,0.5330101001882989,84.74787672294813,89.05551570101703,-5.2510601566549875,-46.25861133917559
61,2.706393429194353,13.17293616347659,9.587036337256409,59.67993490485725,37.17123358866619
62,0.7347495309938744,19.255995929942443,11.003924149598681,24.82996039883902,13.649464586676542
64,3.219531385803092,26.104771681034084,20.277358764426623,101.21992025858704,70.77910653896492
66,5.542143174511199,21.66784199898362,19.571678235341633,126.20072267914719,112.83596797282787
68,0.7753717743304717,12.172618369117894,11.1495593192923,16.338168157762176,9.69433330316116
69,8.527482192153698,23.32826100286385,19.120512135623652,186.21600107982107,177.33118005227516
70,0.10905045983309801,59.23402153132173,58.5351413485374,53.494883929518956,6.232634764862703
71,1.4634058202652243,25.137652795427925,12.803755085008115,55.3722718831995,34.53513179581767
72,2.8289837779467177,13.771347894180353,6.909665318818447,59.41307868142588,36.87124899535343
73,0.6091098334531139,24.837691131105668,18.3947933630334,36.08788410490841,15.191258115781691
74,4.337073913706551,18.14351770475228,15.877986065487443,82.63318872784156,62.84900944996684
75,3.5634210432908993,28.57418164344331,28.93487150255093,117.65265448072853,85.96556862613629
77,2.6033807494033065,17.151102907061844,13.033141149243962,58.6852236586982,38.3410231740433
78,10.348881209841378,80.96892211077345,91.85701458758997,710.4414437037512,542.0301798137981
80,2.116669501650505,26.966681065625295,23.09188366073001,84.70457367642537,53.61289206421679
81,2.256931621766306,13.766112693889513,9.959339227101669,41.763606711034214,28.413761882848274
82,1.0833263536031836,34.691832561634435,35.02737721827841,69.46811281308874,32.08173603115566
83,1.836796526818026,21.541973743429747,15.407851213326405,57.621373938624764,36.92677241891785
85,2.596559833723154,37.963058551531326,40.31846846574871,101.8097633947945,77.24444520421169
87,0.07995124179439683,18.863612288693297,18.96903281739112,19.10606042325879,0.21910143936321447
88,1.4918001060912995,15.191288689459023,11.549932679214008,41.12609053600647,21.620454379346246
89,2.002046400056637,36.01603859404463,33.58801851497279,106.96914369966412,68.35678496656963
90,0.6544640343522264,95.94495248370104,75.41359807672103,87.3204929217585,62.98675009497571
91,1.6483620832656023,41.348702010550106,41.3809419302086,88.7854637173849,63.813100855943354
92,0.2622008211822163,20.181266245477996,26.666857814132793,16.40327349841088,5.4976899304942295
93,4.375940017016094,10.978202170440142,6.941340957880942,67.4235269727307,46.55779448080767
95,1.7407419255594523,20.671281296859238,19.07116042225054,54.167108313966956,36.68382960045116
96,1.2970884045344189,21.60025887719742,19.822774962569014,49.06807489679197,24.739648007361115
97,0.6748134120684091,19.938691025003944,20.8209569096692,29.03471263504341,12.731197965009905
98,2.415411607688245,20.77859568884852,16.356654138989608,67.1344957014096,46.22632758263443
99,1.7432714152836268,22.6989208892988,22.25224197208118,63.94960779803321,36.265639501984715
100,3.3234057138813107,15.509483200562904,12.591287639157462,66.28557315284404,44.296675359008056
101,1.0334172763951692,15.476086173878597,14.837900784323544,34.760346058451304,15.88599074816839
102,1.5379294085325768,24.878980513525864,18.397987395193343,56.15520158119288,38.437426402211976
103,0.6959038056750232,35.897791047902366,25.250390721296792,51.19226283760283,25.22447890151796
104,6.222984988037251,15.54621801952702,12.795937705793719,96.3704314858538,88.9789968291098
106,3.4564567896906055,27.1447904731518,24.47092155969169,98.9620972977067,71.80383822124502
107,1.8294616607358922,76.27501051051424,56.74768466518035,160.50909641840377,126.10950231379712
108,3.193922172835542,38.840637032558135,35.68615772689224,120.92701835501958,99.03248467012286
109,1.4252012744311526,19.641114193303906,17.961610455324838,38.73863434326385,22.708468704584458
110,3.128083376656886,21.77603540633869,20.556281890288773,84.05616771026908,52.95455357317746
111,1.519033008142358,13.25446859068697,11.669476720787122,28.98859875896988,18.38726512479907
112,3.1999626281360105,19.512666591610028,17.931097608566514,99.64224178070391,61.42406131234018
113,1.1295078286595122,49.08028898290183,45.44297997411974,102.57594688210855,58.206543236267855
114,4.46709443345583,27.001724117234176,21.32480321087655,126.27064093952222,97.31935474940433
115,2.1344672588945084,22.667788537535227,22.657658155826677,67.27758647216537,45.588920916659
116,1.1337647297721518,77.95289039668228,80.39066469660737,107.6259045925267,88.08662676765313
117,5.17615238009506,31.139824278114176,26.72198557242788,158.98599800143396,140.19784843661213
118,1.4692442325319492,8.45315103060082,3.632944070834126,20.89827884235351,11.856561769183742
119,1.0677612315170215,20.901070746692476,0.0,19.349383109410514,-16.777136801953354
120,4.0889595391237705,22.922603525365407,17.275771696683055,110.49163587444383,81.2458134793983
121,1.8303723938141216,7.2965407815485905,6.372624123546839,29.645957769048525,2.18490272355187
122,1.1117625869766699,14.278585580850939,10.115664297976299,7.738666249822682,-13.460805342903814
123,2.557681384239787,19.354007634433685,17.31010118380294,76.56727176903433,43.58662595403005
124,1.1606849743834262,24.744843755196257,20.175048712207467,48.34924669043498,23.065936042873513
125,2.1878354046228474,12.461836533437,0.0,3.04148848736652,-18.30618890427396
126,1.5934531848833309,39.44340818035636,47.120467291228586,70.22112038039556,50.99707578665809
129,1.0253588009162364,12.664426087341129,2.5331484942735547,20.83997847880999,11.251090828615617
132,1.6178433660578806,15.238906908529664,14.949947731054408,40.62061022835943,24.688927774673527
133,0.33604423401771316,20.698379206882763,18.913141057925426,27.063384525611568,-1.0664777590214953
134,2.108362196477118,10.713358941978106,9.254591692770388,40.64326088130938,23.480255718322464
135,1.1570734391498094,20.18226450345659,11.813792922960237,37.36331718451612,22.145998690324507
137,1.3751263338218038,27.176978891380383,19.200453522904226,64.0228737569914,37.1648983200372
138,0.6304921580639812,20.52973104343546,18.4659592023601,24.630502818592593,12.037132085699682
143,2.6514690753664785,21.334946675759245,17.574132227215554,79.55995632534601,54.470637887757995
146,0.9975117409065596,10.0647905067379,0.0,0.6974453994615072,-8.345954760743012
147,3.1888099761806674,19.300279872959113,12.880314516326345,81.76570562734929,56.12383220979114
149,1.7168449522321119,26.94251183994672,19.361344488198903,74.64261670394785,48.04721647471083
150,1.0390204148829911,13.683476321440537,12.024537378511136,27.156839555356733,14.048181727443568
152,1.3587991485897952,28.775440586435877,27.536405513113152,54.3594596655043,31.067363782673386
153,0.0,0.0,0.0,0.0,0.0
154,1.318126848521646,10.558185377521157,8.138419548415316,21.497558617762493,14.080873006000177
155,1.3618957299701069,18.370049864848372,14.291025797677221,43.09519506248806,24.467404913053297
156,0.6446869728617503,32.33529346491273,20.01254816591299,42.69276215876228,21.896423127426047
157,1.702015482505229,20.85294487587942,16.708789485409095,50.285948824345915,33.47117473423527
159,2.224532291294001,27.646659997614197,24.515097357312907,89.49145990060455,59.824749358485896
160,0.7559072122265041,5.6443507622661775,0.21578081254761272,2.5329543555235903,-3.0125272777506518
161,3.675725474302805,20.076982132442193,15.699948782835586,90.4485489711281,68.30409704910967
163,3.727063354445326,7.043058198171682,5.599584453133827,38.3128852642967,24.53654777352512
164,13.698725001184165,12.966692221824315,0.0,40.27635805136024,-27.545140915930364
165,2.3028356440260436,11.405816591235833,9.014786446956442,46.5474822528374,25.390532441036587
166,1.815284629521976,9.349905946915142,8.498532326857044,27.570627989801977,15.40720868435453
167,1.4700769945737964,11.0733073497923,10.950717739353797,25.084320217752854,16.431080375693586
169,2.3993876088974493,23.925795576545607,19.150745855552273,80.47101797123808,45.28238801842286
171,2.4545804285485877,23.518032217778487,21.076743263685717,80.50378338984959,55.382522495385615
172,2.038290200650721,20.108590980293403,10.561228972299471,55.28393701056463,38.29516474922437
173,0.7888208646155114,11.170669703357719,8.995928536855061,16.86841466119253,8.996999087988446
174,0.5552824546743006,40.18875381180775,36.437974287997854,40.38055999376416,23.54639043240789
175,0.9409928740533261,18.32583097387056,12.852066126546612,30.811495794569826,16.616735643964557
176,0.17605784377695097,24.65789652607205,21.176470578592514,24.81034650756788,0.41543529625908765
177,1.682001773469435,14.434746807881455,12.776749092224899,42.887556698317916,23.753110573342514
179,3.8965727511220254,16.47096475719422,13.602140397463543,93.393528686914,60.42535217910927
182,1.4041993905335775,24.828794207209423,19.6845784893744,66.87045634123916,35.817557961976384
184,1.1573577012719594,21.184798949438736,11.064700877914198,40.40316259137662,24.04656803232075
186,1.5786983723477608,19.44763025084694,9.752398992073454,46.80219109138651,30.269778788521123
187,1.4354883823985878,24.564180568676324,30.6225568786947,55.23172102443452,29.034811472664714
188,1.2680956217753032,18.886773994590254,15.681996277560058,40.730603545988245,23.97865971283713
189,1.2828511950854187,36.272729389153554,31.58713596504712,75.89387170339303,46.43277315852732
191,1.1624719580748388,25.027294355227795,20.398280697105942,45.65895272145815,28.055058362955666
192,0.9270772772195982,64.43749920582488,65.16714998828614,78.00912646100228,58.213929426051486
193,4.447875642835871,21.304821883722735,19.49689570003815,92.83510396160614,71.70403777210142
194,2.605226742094056,12.21461211937665,10.45175228377409,1.8017420473829173,-16.608266526680143
196,2.1759637040077218,4.7194577663040205,4.0589783754100255,1.0094798157336209,-7.546590522391675
197,0.8905637355737642,29.249854810028136,22.993698125340575,54.03841741679375,29.077825840760866
198,2.339020691660559,20.771750883546435,18.08761310150537,79.05071629714809,45.323773946987956
200,2.095476751151438,15.644540586962039,12.243608495507445,58.88504990341363,32.04754153314221
203,1.134748766659046,5.620980179043418,4.837564119062739,12.105733199843275,6.795203523649079
204,0.2934899177483567,9.542952553264746,0.0,6.918141719675759,1.7552738891579331
205,1.2823325901624978,12.908356607710731,10.17926301491251,29.60192149588081,16.695345564629974
208,0.9538268919358647,13.657105974236524,10.7203674348496,22.305170236729413,12.864423632983597
209,0.4098319950446136,21.324038567916684,20.858354574830212,14.950913451593797,7.901210271983284
211,0.49937077130969704,44.842427001973,46.726678246684706,45.245475469139016,22.303722303649547
213,1.3615580894551118,20.914693400469005,0.0,-14.609438452862733,-21.79215731910194
215,1.359647604084887,61.191954030298454,65.57662304646026,105.73785566388553,77.56042573466128
216,1.6202436885301303,26.44912814544014,21.739272818736556,64.2850644165601,42.75103795981517
217,1.2701134593628782,6.023058940462707,0.9796869720655571,1.7373625575025815,-6.874015580547373
218,0.0,0.0,0.0,0.0,0.0
219,1.5087827796586482,10.945553198958194,6.902265152364213,21.010605401468702,14.261435548106638
220,1.8470942811662905,17.202945642215088,15.189205011805292,71.01540166417894,36.87548920158309
221,5.210770247793024,59.24280740723409,59.24280740723409,-308.70065823334755,-308.70065823334755
223,0.7641221881921682,16.232422698509012,16.252329569484022,4.006366713979814,-12.529313490623123
224,0.5831751510548158,23.355207849021838,24.867526512034427,26.951808630132927,12.374391756836316
225,0.45076836492136363,14.508180699811165,11.559443134687386,15.765994680435085,5.658588955019361
226,1.3938074929862936,14.45009544582296,12.635329747879624,30.283672949765574,18.268383323960276
227,1.5400494918649592,13.503254108556389,6.471676530967902,33.32374819579251,19.720209796310723
228,2.380525689066354,10.949452282512445,9.782002431721246,42.8152254320542,27.235159103507232
230,0.43806042210597057,15.857862174210098,12.680290475395802,13.706447344803365,7.222126106130264
231,1.0204871472528543,10.286017535777424,5.907424720450531,17.694538350202702,10.18905993605067
233,1.4989474353348864,15.327751574958995,9.14833911843897,36.33470821003018,21.845284815763474
236,1.5986359914836452,12.175066494549881,7.940106445876285,-4.651616441613089,-14.796904088556966
239,3.111032765824431,5.45963775637878,4.780632980115375,-6.349205992443222,-9.776030734411373
240,0.8733102152778788,5.55739264472188,0.0,16.049661241501184,-1.4839969217655196
241,2.763777205967871,15.74562937694692,12.944428065017101,60.514555544380876,42.27337203843606
242,0.605453569819325,10.24478261440991,0.0,0.34563684348465396,-4.586625219343062
243,2.0619778939646882,12.254429483552967,11.342727150525995,40.44342103155042,24.60258199052815
245,3.371853383619492,4.485854880548094,2.0997802427734924,-2.8572220499429504,-12.793548035035876
246,1.3061407868430004,16.480614931459186,7.78280353600383,33.07201328936385,19.664274910504158
247,4.0645124193498114,26.54763831211284,23.683980123524535,115.39096814548772,77.08698231360879
249,1.6533615526348358,8.818531110904718,5.727702919694111,24.423348982210072,13.913934342101804
253,0.5828813020438778,35.645126196134974,29.987694680650247,46.88777624749069,18.77041409062364
254,0.8908801570536214,16.240224017647222,17.697850316110756,30.339033766171905,14.68039045224212
255,2.7122498668986155,15.944788158647391,13.989626635774767,68.93891084452284,40.9869153285796
256,2.1923419090810543,24.445696341657765,22.580776771924405,81.99626582122532,52.31305506381596
258,1.7573620618811423,29.44208775778063,27.118607281328124,70.16109079245297,48.84384667031012
259,1.3001811513976598,30.63663847534026,26.207420334010063,66.40284986044932,34.18456777823696
260,1.8421295442579773,13.505314877500462,11.398837733987058,40.28158184479374,23.111485134264466
261,3.376637004018176,25.966082261501096,22.88024356982774,119.36186466780354,79.23869568786903
262,0.778720838980958,31.405486567864468,22.678904028095975,38.02413123128869,23.860773322361265
264,1.4831398593204737,15.030416163331914,8.642334805729067,34.54645664937285,21.18408577165465
265,1.7748261931183194,11.340299693516208,7.023787826156709,31.623732248624453,17.527630320387868
267,1.8702821414688426,30.356657156664806,25.299491863953396,73.16521341582819,53.89429957511518
269,1.0582270510379599,11.861560832484036,0.0,3.3625519322101156,-7.484587305121136
270,2.824100205839992,16.037193161164662,15.016453210191328,53.801771640143514,39.085147411411164
271,0.6978103153353524,12.074689145870458,11.058316340508577,13.301279567355834,7.843105902106071
273,0.7795104299635941,30.870022694542996,14.707847276807868,38.54384197358502,22.98703605069232
274,0.7687511581429359,10.024158258120512,10.61635946697358,-2.1704777911621425,-5.723499464053075
275,3.0893005905035777,8.102083193573401,6.033290169078202,32.71769211599953,21.418199767056944
277,1.5309030564681638,6.251797093827264,0.0,-7.1590498580480695,-9.610738580792518
278,1.6655713885820689,11.792086915923973,9.273705453122789,37.650645303628956,20.351412543021922
280,1.593706743274711,14.175083490738068,10.984401749371225,33.944514069223644,20.542651087859138
283,1.4844247038989775,5.017406272752748,0.0,-5.088424518390831,-7.267102883332937
284,1.0274908126751918,29.51724904283769,0.0,61.7137426985207,21.696906564848273
285,0.1042539335825124,18.405209371861755,17.24165826453235,6.5741376877864335,-2.037140382542344
286,2.066300826869766,12.643978396563687,11.100223678325145,35.792472746761206,21.958112808419724
287,0.8643324618013617,18.60704004591663,13.541566997485996,28.81096317584052,13.331533136853976
288,0.9722190776533594,14.642536366719646,10.395128769774088,19.047860593134967,14.120289374835687
289,1.8368487159357014,30.498240496810293,29.159504764161927,86.94759239067794,51.60441887911517
290,2.2823712808551577,15.136366984129992,13.286253008473516,59.163641138847666,32.59952518407429
292,0.53779578065302,29.19749693639436,31.635396518320686,33.608362777372164,13.825954467133187
295,3.396286636347687,16.733259089794924,15.031711824904065,60.138045833305284,45.795902055621006
296,2.432606252072668,13.16310047376035,6.916025841050575,43.16961564889556,28.71869813458119
300,1.2858418189246812,20.20091739651905,18.864297215763933,44.8772532959835,28.07790740298925
301,1.6685028929554082,14.850562684789255,12.020796216249531,41.01283114420988,22.26144672822029
302,0.20485765104595713,24.040071514722325,25.000316557616475,17.113487808396865,4.489476961929804
303,2.619885107999968,10.661895271993691,9.09341295868588,35.959793381385005,25.739485683629965
304,2.1654755360148075,13.717559491442643,7.063240630694424,40.28945215668914,26.16600197382066
305,3.6012090484401713,11.634656120348067,8.332168596181704,55.27402922099478,36.53655781801649
306,1.2662953615619048,15.438759336471886,0.20545278154993846,19.091538313743502,-10.71011751759541
307,1.4720758040849964,21.406861489795574,22.09836491312102,56.336860572341884,30.571449784858615
309,0.8173722822856149,3.0615571180352674,0.0,5.911682731742024,-1.828001382198563
312,1.5591089945658148,17.746102638706255,16.44693662293928,50.60613900613401,27.756705920849228
313,5.934098493552629,16.452210965072435,15.192533139446079,89.09857211249371,77.02199350453763
316,0.5949185374387956,14.502633706730064,13.733688665706053,5.0730762113234045,-8.62937111179222
317,3.668924786753083,8.879130298858382,7.297152815422803,35.90821097341081,27.175831817659745
319,0.25476791053784476,74.48418750453735,70.56863593560557,40.13857726706374,16.170442461753506
322,1.6172687050961834,14.459599231844999,12.296693615333368,50.76571199680144,24.24115377111062
323,1.6311790670376212,12.080877095470468,6.130448329681048,27.193583160233192,18.306730876239985
327,1.448757644107056,10.33666854636411,6.481157555098469,25.562077012511917,14.504566495943044
328,1.5823954074032827,26.604807088576774,21.167508353346836,70.20400278471371,40.55749013641262
332,2.4504948568454203,12.9494083907643,7.016872151310456,41.48760435566927,30.49603360105439
333,3.0777986297451148,33.5466863398668,35.0366323578473,103.8842984507234,82.90586119624986
334,1.7100932546746692,18.605352845036975,14.983676525344125,54.81867854326529,32.46514319731384
338,0.9201512981647381,8.496834384603446,0.0,-1.056506912385155,-5.541755927088342
339,2.7315629582713736,18.407558539005755,16.62182714313244,82.73721226520144,49.146917977577026
340,0.9049006845045168,15.6288898745465,8.909269374127689,23.031789938099944,13.755566007111476
342,0.9342246760567562,6.576694240601791,5.850309898068692,2.395188105268325,-5.60212978946805
344,1.1045662389372233,13.77509504799818,9.824418791330933,27.725967812981846,15.398398018508884
346,0.5024133261642589,12.930912568640704,10.635272668318237,-3.4179899827237668,-6.9095087048995065
347,1.4166138150356566,10.688349527945837,0.0,2.669660743703787,-9.522951720141904
348,1.1328294523147158,14.451572072617633,2.6821251469778407,4.197007919908998,-8.838984395192272
349,1.2056567804296539,27.099492271052043,25.08172542827586,7.9436934195076185,-24.887880470144975
350,0.031868287298318455,11.788906750343996,10.537256755315648,7.230792015788478,-0.36687660420414686
352,1.9118106924073512,12.774400032565104,11.53748376306249,46.5930332639504,23.056025384708175
358,3.574543547675597,10.99463116816874,7.972914697669253,51.09606347198023,37.79991383168737
361,2.4601890536297293,12.061368991166525,7.9694283456459525,46.00565129303835,28.013685227898534
362,2.3629908806786557,13.998845444891822,8.374033820791455,52.466803963066006,31.056489726568177
363,1.1734744600992675,11.11329636781886,6.6742687180812394,21.370727736461728,12.788647502242284
365,0.1928046194799391,10.567865840135282,10.219733880562977,5.581581826771457,-1.8573415721959303
366,1.4849182035854642,13.426043213766958,9.659377242599694,29.881900075292705,18.26297883492784
368,4.6208663362612885,7.517945434170716,7.7518710953949235,-2.4164597932436402,-14.600289460633205
369,0.20417755795444417,16.72154157363072,15.668653999271628,15.019689279618415,5.232908763529898
372,0.1526260185120064,20.560142475242184,20.195835805598563,8.04292476740467,-3.612548655962314
375,2.258610564690269,10.510587174012935,7.992352885723439,37.56809040921653,21.299021139096496
376,1.516178624442557,11.64369774585049,4.912154313420838,29.34342271345474,17.078122002739082
378,1.3626828484521916,14.776070848627507,7.229338181045361,33.12924689142813,19.22128996722201
379,2.0792563613042896,14.063448532569083,12.117532376600522,41.25988877730044,29.10072717209567
382,0.8488771733403428,25.2589277088412,26.492953071254593,47.55635891185256,16.988156567005827
383,1.533093413995089,15.78113095558291,8.719327813135694,37.430798861689986,23.16237189928719
384,1.7311833063422337,27.144436773526692,26.15872141475782,60.82239885940807,32.17336188390697
385,1.9162275867423535,14.312646326995873,10.98781454216902,35.03210476167191,23.891908096361504
386,0.0,0.0,0.0,0.0,0.0
387,1.5499541246299993,20.513633285805952,18.771664182783542,46.967240591364416,28.119760588571513
388,1.5757021986391297,15.281330424347198,14.139625310255084,43.851753398541156,23.109702492044473
391,2.1884345754186527,9.46869899955476,6.487756784181985,44.11289083739623,20.89185565297653
392,1.2659617302070674,41.35916866376669,36.503810171078534,82.42058594229471,51.34535447146663
394,0.48569143910523316,10.714954356642224,0.0,11.234498478707986,-1.7339922200585363
395,1.4259532344194954,12.614397960579426,10.650038506465664,29.21105123977774,18.066652694377918
396,1.2829125985828849,22.538833245510265,20.43506858471035,40.005352870934935,28.17234926502554
397,0.5159388971515328,55.77416708820951,22.292754711573156,56.79529659405977,26.99722640305986
400,0.0,0.0,0.0,0.0,0.0
403,1.0826806454503037,15.860417353554999,16.59416528663046,19.178870240226132,16.263226486543626
404,1.1853453984005806,13.506336499182156,7.4324336883022895,26.126215616635907,15.569092339157878
405,0.0,0.0,0.0,0.0,0.0
407,0.9542273167743,18.27835600481392,18.594010414560437,31.65156064107836,15.042448717120408
408,2.2705665361176126,19.152319864250547,13.382237056858129,56.46754689807753,41.54807201496997
413,1.433026811800321,16.9689230620565,13.189378542390637,46.63198685748767,24.128468274002653
416,0.9106911210652142,15.213477700565113,13.348455550245085,3.259380494897719,-12.564615918104607
422,1.6861949395525613,31.835515386405007,32.15455574435976,79.44979199895255,39.17799719714275
424,0.4007711267985344,18.44818399934748,10.281778474029187,21.98759457281794,5.5841394782258575
425,1.492559041441566,20.050581455505732,12.436946969014146,44.43985611584438,27.956968421023493
426,3.7710411461354787,21.62347038431528,15.627222657103845,75.29718745090437,67.69363470249819
427,1.9714317191583917,17.801547735898243,16.89816077191501,63.582023169576246,36.289859891749366
428,1.32079136656695,9.114325156984725,4.002040372299617,20.917584103313125,12.002078401287713
430,1.3233296736071254,13.113540917376477,12.207481511801717,27.671359903491993,17.142078024728242
432,1.7364232061265243,14.98000529495441,7.301602066200583,33.97307998991508,23.933525765349884
433,2.145955545279793,16.99236245887642,15.885293395546157,67.07408738686433,37.3111159313736
435,1.1792053422022826,19.616266640007378,18.568243622167305,38.23808691670165,18.14871537584151
436,1.7020440520466138,16.82362950987934,8.449043382142403,46.7282726338942,27.652767136807373
437,1.077353390930294,10.394157818111008,6.119552438329708,18.594939626088482,10.768654528384936
438,0.07145944795229295,14.320770768177008,12.129173149523766,5.4778046266208085,-0.8181180773578786
439,1.8327106315231898,19.588960812882902,18.618206378358995,63.88738957251756,34.00341275067776
441,3.0852281965165758,12.949365612446051,8.04206541248357,44.14592172560686,35.74184852764319
442,1.0522423262426879,111.71146035863717,111.71146035863717,-83.84833699806676,-108.51080194905873
444,0.6619413513513878,4.69819327522818,3.546946220695488,3.3674580109054117,-1.4621492725704335
445,1.5238668555257868,15.909552076245882,6.556546003409004,40.11171628567437,23.543651735176443
451,0.3541131281684757,25.589835482366286,26.01541068700101,8.535975353250667,-9.045534796589513
452,0.8911616381679592,25.12347679418149,22.716170841196362,4.316018478964422,-20.844731476061636
453,1.210170606614774,22.303776121005217,17.885581358598742,40.588385946665,21.473981943101876
455,0.0,0.0,0.0,0.0,0.0
456,0.7082617617749408,30.219581146523637,33.4060384499187,20.073381910781844,13.142380361730659
457,4.952989927972151,23.767599668489222,23.517057071094257,103.13347311260726,79.63264800236442
459,0.6952096649585885,16.494690432022505,8.019723945409696,27.68263461238395,11.265695455453274
460,1.8696613104953466,13.498749205864351,9.5236180845617,37.46412218229421,23.324708201700087
462,1.1695604383888247,9.220547542041226,5.304251860866414,18.24839072560732,10.560751230084078
468,0.04149452751538176,24.35710838076828,21.696627196863485,14.045995665363474,0.21397462034664314
469,2.609941627219872,2.4554726076525526,2.2549639694540287,0.7053931541669776,-0.6197478048470769
471,1.2410466909476086,15.490559222861904,13.345934200513744,30.675129390290323,17.116330703671014
472,1.8413622893920227,11.212660560385837,6.066170081059277,30.62562554383657,19.600221218607032
474,1.673359765175648,16.062162231816977,11.705024586268829,-3.729766519743387,-19.787274847123435
475,1.7385794243156658,20.08703900479914,16.718223527096267,44.459893428026184,27.437575782387693
476,1.0067147314903735,14.21673629594139,10.885661299560356,25.70399809883287,13.260162692308244
478,2.7848066243038634,14.43927953903988,12.361034082214374,58.75996575994737,32.58781414465613
479,2.0422743583455287,14.04252823185509,0.9921009391670863,4.336711780068307,-18.789051011731207
480,1.4143100174964058,8.44593251607919,7.175565092110351,27.44139330920089,13.822486700087246
484,0.0,0.0,0.0,0.0,0.0
485,1.4832034888213734,15.073120729757875,10.504841983601722,33.641507404689236,20.686324161705354
486,0.31956790906352134,13.024740999332126,12.025274779865093,4.146815474721917,-4.079160901715979
487,0.0,0.0,0.0,0.0,0.0
488,2.414995549045984,22.615994740954005,20.5245580921023,74.62616989917888,49.03359257271612
489,0.5635795407818592,22.53392823583148,15.71663726916377,23.025371933721612,12.061414695596758
490,1.2728307020175855,17.781529456625723,11.271448682399233,36.84731941775485,22.265217148423716
492,1.4468304053964636,1.5923387124319897,0.0,2.349313903326554,1.7900692833377378
493,1.972322846667021,20.971022415545256,10.391430598397918,59.683410791908564,37.07068450900672
494,1.7120182245724627,15.662107560259647,13.174857140895371,41.696422508165256,23.950745104839452
495,2.614258312756981,16.920893155178522,12.863272429755277,47.65782108379664,39.983464741211584
496,1.8281039230427572,17.181016790909265,11.567433960340828,44.353314951841945,24.448513087323676
499,1.5606464627960523,14.332175545397133,12.298175449082619,36.36646578741547,22.478109146381076
500,1.7815950228806738,8.064899802041468,4.711190495335772,22.715939969506334,13.539496474792232
504,2.216294459029726,11.336282544470249,9.30674128724633,50.371198021798804,26.428648343718777
507,0.613074879693252,17.434706225976683,15.453940284704034,2.0529144869054923,-10.448113857210892
508,1.7798790280118375,11.816888202567931,9.703553862384773,47.73981127363979,23.136257772393833
510,1.0155653053402225,6.867219774073105,4.560054384237308,-1.093612204756407,-6.245519109947344
512,1.471031525753556,7.685694237124573,4.342369704369165,19.74126348584351,11.188289493654926
513,1.1845379698391287,8.0555683797883,7.304205054892394,3.398307747434653,-5.282356148588566
516,1.3447752188909445,16.15823476277453,15.207343072236597,37.221539125046675,21.232595924892273
517,1.751041598450833,13.24664811905363,6.961286375723096,32.70692159846904,20.954299276456968
519,1.934617821959349,9.231155447353963,6.045323603314177,25.82058263995347,16.700344549057423
526,0.11210272024664662,5.9259858447829314,4.90160908107162,1.7145489992709657,0.6697995522999509
527,0.11593000614542086,237.2028883862951,224.38436293092548,16.554913485831754,-26.10334928558193
528,0.6161498806562731,4.865966656480019,4.8354628799177375,-1.3121771767399093,-2.614286822992984
529,2.25858543792322,11.489719454364439,7.856078426340253,32.123715879949216,21.563980665117523
532,0.9490171077385062,15.175500820003736,13.760805897061436,25.488181188523143,12.594600673613668
535,0.6146963983091883,13.227879478727308,11.605071680544816,25.888253931977978,10.335343190238387
539,2.745420836068464,12.234300660936297,5.94641019794275,41.49642858377688,29.24582990446287
540,0.9520868614254089,5.330559893911294,3.6541890682112865,-2.2623862900076834,-5.179273175381519
541,0.008723218690679047,5.951920394383734,4.981281463543453,3.832538629109946,0.014962997463030536
543,1.4864455312990226,15.919770529676,7.1140342517241075,39.366339942811784,22.657221516414456
546,0.03874910188575189,16.987937171865955,14.690143409988488,8.174876149726055,0.5069919491096354
547,1.7165907168882149,18.56483131882372,15.492330725609115,50.52951534810635,28.44113375324102
549,0.8822980002467328,7.028823348640661,7.095842474005639,13.669310558094088,6.338792091563952
555,0.15703020165215079,20.20542522413833,19.705742922770224,10.36507176946442,-3.507201730940171
556,0.1233758807774518,12.474432551418765,0.0,17.729732857226264,-0.4288518886150167
558,0.0,0.0,0.0,0.0,0.0
559,0.8787692451918346,16.882375357232405,13.727674958451106,49.56909376450932,18.449889264479747
561,1.5303599500868523,15.565522965974935,14.297899509558313,49.48425714595723,23.505490301584228
562,0.30833717628467877,6.753548621069619,0.0,11.770199990057344,1.731420747070133
563,1.7055859978650485,19.20205755171229,9.296925620502835,50.827068103496075,31.907354724501165
568,0.8194910631874617,20.11049257960229,19.30872994454961,27.31613410369676,16.685606949160512
570,1.8168158361182447,8.505296093997895,5.7779131896971245,26.128526508112422,14.813630603620572
571,0.16979644433113536,22.382386527985762,21.660325259898958,19.194608508654632,-3.0616000131867303
574,0.8249892310845887,6.675072597391778,5.140909829178858,9.44797224327969,5.456362811154999
577,0.013605204416293488,56.31528272027115,54.14659472811633,20.32835484848709,-2.2651495018219054
582,0.5605545195523831,15.509803837496895,11.066381248385616,17.907425147221957,7.7844355161998315
586,1.674268837545341,11.739898536882194,5.3480497483139615,27.929542240353598,18.518403646642106
587,0.7355299480365831,17.889100532147722,15.77551394181933,4.270203264136186,-10.84053961450443
589,1.2172231426854898,11.868128842688426,7.419709692289391,-0.16631988368196632,-11.997880872003442
592,0.8203510327028406,19.1188111281602,0.0,10.989864704062017,-15.516305997188004
593,1.674145631890247,11.315365766204579,6.735599673477119,29.080010347840908,17.209049683953968
594,1.0027939809992712,93.11389366823516,88.07096064577377,157.3969479689939,67.58703752625658
596,1.1485923692672333,9.676666623880466,7.7562173418611176,18.46464729708945,10.425273976805903
597,1.3506933717967038,5.814412205958947,0.0,3.751828385287345,-4.754780940467166
598,1.5608176549315953,12.15160893524309,10.017225469466164,40.48222006035049,19.949864930064763
600,2.8232213015852174,10.396818558608208,6.017242325590279,34.85123748741787,25.859044699608116
601,3.8076121564582834,9.048529191984109,7.346922990571297,37.94376120477167,29.313280452304564
604,0.3739101480487177,9.07008669603546,6.913059436837959,7.406476300737712,-2.9017730867769322
606,1.0963856247715145,25.53243327130464,19.049193658365677,0.6385406685496094,-25.451398447640177
607,1.3748542476867283,9.50475410106096,4.898285565914504,21.535805229822998,12.753690164632403
608,1.4105500681931444,13.966496656590396,12.24356450871979,29.223253922554637,17.03700205958982
609,0.8573359452946406,9.184645593254823,7.059790085280718,12.795452886247384,7.534914592828531
610,2.5241411609400157,9.440926020155182,6.275757866860087,36.41782837188296,21.664982521535652
611,0.2451257401629446,29.85978575016342,30.472255949439752,19.98249288881384,7.34054595146512
612,0.14439777186158137,19.168760529162714,18.660518997690055,22.04478119862539,1.275873949692553
617,0.4360229858662503,19.613684320451853,16.79062516371386,29.164784776058163,7.870354959765194
619,2.4002338831850234,10.378819272308037,7.245298623101547,41.26934963681187,24.822912448021253
620,2.681034343557037,13.180474602000814,7.698296355112158,42.32196150934497,31.261526770082714
623,2.111123543988964,9.231676266611895,5.809879633060771,-10.30960715472688,-15.797901970791028
625,0.2874569808135483,16.278653629238562,0.0,-2.1216785963551223,-4.03667039758382
628,1.9124706959723723,12.096644504713964,8.001604064614847,31.34357051155707,20.44391363890958
629,1.9725336676987328,8.711342964678375,7.185488016206887,23.823952791817923,16.005861761798936
630,0.781761487596683,4.430810815492273,0.0,11.22924121550177,1.591958659672004
637,1.842500653002096,9.941966563163732,7.698441365154561,-5.982156002145445,-13.26863798182824
638,1.081313729319444,16.58986889752868,15.800187585516454,-2.844315362930222,-15.094923428520612
640,1.3086023584957704,15.827016641602322,6.563000535928796,32.06370787418802,19.609285238031053
641,2.4038923051860013,10.643330222978694,6.865337992227729,36.522686199426964,23.143695377891703
647,0.9174909713461906,25.090269167752087,21.130422901491908,35.29270624571857,21.175176806354017
650,1.1578165430620901,22.00092531320919,24.566363663260898,36.563384699430436,25.873586280169324
652,3.3900718370820226,11.061895931547042,9.533051926882814,51.67545003706504,36.58303177559153
656,0.12857232247162806,18.289670246779135,0.0,40.44068053213455,1.40828694769782
657,1.8333878994528356,18.117358430023078,9.890136784683994,54.820248711629,30.538343116803123
662,2.07290569717266,11.448959407405837,6.258329840775359,32.121151664688085,21.537995880508934
668,0.16708461405749925,7.905200553140645,0.0,13.584511740230722,-2.3258867244115056
672,2.1341695588830953,2.8955484621778393,2.129957167603236,-2.69535652541004,-4.5125211461202515
673,0.9836580859894863,8.15216206873265,5.87097752752161,-2.6564818187832273,-6.935590258166316
674,1.4213019593571274,5.721579163164673,1.6032944962761282,-5.165795360381263,-7.318605897356978
677,1.388650235626223,9.903370686561772,7.700925820873517,21.3335183523692,12.523138326157179
678,1.966340737630757,2.440913749523302,1.3821479172635576,-2.218564445409434,-3.7741706975762126
681,0.24038568314271802,16.842447394140528,15.849311973569048,18.34370307922246,6.356668802306903
688,0.0,0.0,0.0,0.0,0.0
690,0.8850883334403802,20.481068611092372,17.611422053028033,30.38559251006881,15.36444296628433
693,1.2957684839687198,15.70364929985823,16.029161198892368,37.60244199362334,21.044968550179874
695,0.0,0.0,0.0,0.0,0.0
696,1.152658952579601,8.851342066695905,7.461863775019888,17.37541262355712,9.79183909592061
697,1.2863012830251144,11.696835909418118,6.927666587706536,23.570832038272226,14.677664317450215
700,0.162764882055604,17.172283933431665,15.685049613189356,7.422464976873384,-2.749352922072076
704,0.7942081203041239,39.71757303955853,37.67923798626909,54.723962887917004,-19.91862222956914
705,1.5576023429317027,15.11186138200204,9.325175750922115,33.76180955400632,21.08103433138785
706,2.561383467009183,20.361768350190772,10.803795123578332,54.16792425037998,46.53572424160209
708,2.20814892712968,21.80382124076459,15.918207626217411,57.475465444232505,43.435252819647665
710,1.1087751583049024,15.735198180414772,15.294965333967722,26.023021816108358,16.687357498098972
711,1.0500143063223737,19.664803872881595,10.5087523707922,33.819319932702186,19.88258989674849
713,0.8356722898398097,15.251827492581647,14.633516801007623,46.951380982272724,18.249031202855395
715,2.135435851780928,12.505300902522242,6.641824096329483,36.02120521211471,24.44045839426849
717,2.3959172147905146,10.668896794557027,9.790995014091633,34.60863792334888,23.81568390569844
720,4.718110079687746,4.892151295380511,4.535190388484808,-9.700915685457048,-14.294681724150417
726,0.2010179744723605,35.29674859750343,16.753190617835134,23.676600956772806,6.630232291773193
727,0.7995609135071787,13.451849991715184,5.843707261756687,-1.1249503669975787,-9.030188501113027
728,0.9405618272910519,6.073784221458521,4.69991535710932,9.413133508063867,5.42397120063886
729,0.7813234023815989,7.877012020318741,7.462460792170679,2.654806442093978,-3.7128758847494447
735,1.4284915607952462,31.48689572916312,30.452678257936032,64.71931907553169,31.80007790665586
740,0.0,0.0,0.0,0.0,0.0
741,0.9605500393490338,10.309168316397178,8.871475592289887,-4.593426632382369,-8.423317218009752
744,2.0571355669585034,11.076422820299937,5.118324796696782,30.88314295733016,21.370077361401922
746,1.7167302882685085,13.553407587069564,6.306240636030768,31.26955846036538,21.329208733263627
748,1.5816784196519016,14.945072619436383,5.798209848371806,33.51430011285051,22.279030310257635
750,1.8090601927595857,11.270941097185146,8.300406064374917,30.780271127351558,18.369534856427645
752,1.9320598336773485,56.43526610274299,59.46436937564141,167.62089248322917,109.26638387686047
758,3.321279611319673,16.754721611735814,14.88564784250461,80.02121828145842,52.26856038371574
763,0.3850532414951625,17.87148024453407,12.777317445764572,6.25204909399538,-6.51938256902093
767,0.6391904336738008,12.59864160215161,8.785138218669553,13.487014814908383,7.734172146113583
768,0.011805152788966619,247.56618857274975,230.00923184829642,171.4757956960448,-3.8660749775758085
775,3.052755862902036,6.829546253715922,6.1260978214700685,29.347605730543908,18.578244826754553
776,2.521007264543195,14.989447815806292,8.1841196668393,41.687836464510326,33.62904436363766
778,11.904579284052724,1.5776550707549248,0.0,-9.916790162569447,-12.664412231951257
779,2.401900333421168,9.840286335356662,8.444517910741935,33.860215422000884,23.3388959456573
782,0.44180840418032036,12.404165594089411,11.885394841078666,5.419695760318694,-6.349376159672427
784,0.24774326647497355,12.205890970876574,12.85850661560123,8.571975832745563,2.5705735021430374
789,1.6547144512368093,7.706754155438378,4.148901465485969,-7.536502887712368,-11.433916394936473
792,1.223675576265382,15.166509896557692,10.653126295909047,26.556586703554608,17.16857582232659
794,0.4006087812762362,11.436585151219035,8.65918170273131,8.493894844841405,4.377183808982082
795,4.384336564830565,16.45900693431438,0.0,-0.9378728176176876,-25.559541014811032
796,2.1056682299401497,14.697773228918896,13.505856133731221,-11.287158661849482,-23.624991835530484
797,1.4667703578776619,9.989121132203342,8.703519851976873,36.79161100405364,14.8057933964864
800,1.243693184558067,11.409626655098473,8.575674986664355,24.41155609017622,13.77672032271557
804,2.7320179215100517,9.126760917334483,7.047556363765886,35.237240598980726,22.67443569023649
812,0.25934023344836443,14.865529369675542,14.865529369675542,3.855229857065173,3.855229857065173
813,0.7069625519593207,2.6742782446162647,0.0,5.946803351985673,1.6062320031481299
814,0.14200879279447817,58.480764381503825,58.61393109599106,19.957568149748468,8.874304055901547
815,0.9071658837286586,6.416830493106388,0.0,11.835044125177314,2.8809133916558007
819,1.440439759734562,20.38029276570022,18.418665597782777,-15.763977362603713,-26.242107368334043
820,0.814769647896291,10.646332504748374,0.0,11.802274982879316,-6.88875468165488
821,1.2506091193869042,25.159821502884153,13.55237748101457,5.481722994972355,-24.89382710204428
823,0.20102539059459423,43.31141950806717,33.66159465801932,32.31151765589559,7.230645009568452
834,0.04595989479849827,10.462061509117794,9.098964899625974,8.481010019140799,-0.5270024769281448
835,0.4220619623784268,3.39919647322659,3.044627204305965,2.533395716279418,1.3733582073120418
836,1.8913573167448217,14.88843802332129,7.9379138935903475,35.12953711069391,25.30170841933109
838,0.6415861715989529,43.22908412905744,39.92165713788448,65.62887801684936,26.903375796690415
839,0.7176027696629669,13.22988681168245,11.774185690599722,22.932963937211102,8.223334653916083
840,1.2913635679369981,13.96601905530801,7.682716990575709,28.142152468233313,17.237591267639974
844,0.7010512378034482,27.463392368366268,27.829108316434343,31.11602340096886,19.19765591316739
845,2.174303475443705,17.167040309659058,8.921807279011658,43.93739892931694,30.38913076069836
847,3.2932566285949334,14.892967364899791,7.342622891172617,51.19685536229537,44.130358309105
848,1.6468461950011335,9.467497333270018,0.0,-0.9239267626384877,-10.406299946639683
850,1.374433177625862,33.46476420355893,25.414341712099265,6.144137847851315,-26.83741997306678
852,0.0,0.0,0.0,0.0,0.0
853,0.11456380215329583,18.939249035409766,18.11266837804894,8.072166459915994,-2.2484007100159964
855,1.7702831351485049,13.420360095036962,10.460725963720574,-0.6176730802725501,-18.020963491436827
859,0.21703092006927321,6.108034161482172,0.0,8.672789106583437,-1.2857618007460951
860,2.5456789414436796,9.510018534984752,9.086056760854772,30.46813042682644,19.875137203040335
863,0.03809926127983088,8.718935270169606,0.0,1.101841923647737,0.22707758816037543
870,1.805109356616864,120.71458213968366,120.27776800437341,245.57841945174613,189.82364678268846
872,0.0,0.0,0.0,0.0,0.0
876,0.7406657456951962,8.641616751787927,0.0,-2.2712058329311917,-6.475251451678988
878,0.8409179667795642,19.045258357456117,20.450767954986986,28.759188690543922,14.283198951867377
880,0.29738223440694206,20.99840349387163,21.717662443078723,12.556309219595216,5.929075363340218
881,0.9719417575672386,7.908996378293853,4.761066034020068,12.641717632555146,7.381576814487251
884,1.0838332835859854,9.08032044411551,5.808603215834522,16.481924090735102,9.263039931317872
890,0.5331253025393269,21.981356343411623,20.544874349646552,23.3719617924517,9.290642121322758
893,5.4317797316556815,31.09559794790791,31.09559794790791,168.98649870034367,142.18714640416556
901,0.1548725068700303,13.315489716959393,13.540585455276629,5.841482547974585,2.11521635109172
903,2.1480338445042193,10.330523425175743,5.675999250735433,30.08941219802103,19.454061099283066
907,2.3974346594879754,11.857222928923969,7.588327016131618,35.48335459762864,24.358781526663396
908,0.48640708194774573,16.941419316454954,14.420039205099528,24.496327296419025,7.694153291814215
909,0.0,0.0,0.0,0.0,0.0
917,1.0836247123417144,9.155511675124245,0.0,10.426700419746139,-7.63442924502697
918,1.0961964258706647,14.137855042395215,6.9470044017235155,25.172209893986608,14.806895041747103
924,2.040622085112295,11.01896128779403,8.662900272685349,36.055886499163556,19.685764237384983
928,0.8265953102413426,14.123235578447854,7.916234007212741,18.986712088458116,11.177987325373358
932,0.44614888356955845,10.186571151845309,9.63287921716993,10.090799756154874,4.736213993290949
936,0.3182409857858473,15.98144664224126,15.101926147421224,13.364767873512346,-5.880413704982206
938,3.296006347326242,9.106130281194195,6.424120310886434,35.52448455357785,26.489931555491818
941,0.26622505626128445,23.81438150456911,24.567295655162297,12.255386098200361,6.276949890848542
942,1.0286441239161155,19.390511342581394,18.95671659104016,32.61008748848293,20.404845324823697
943,2.0577169404697706,10.014400331901685,5.7374091346483285,31.70666228163849,18.979757952205055
945,1.959856231774559,11.264998179933267,6.648146121470872,31.099719417442877,19.291003381712173
946,0.4683512624727319,5.396297976112582,5.434254909961358,9.525371035987838,4.609196100690549
947,12.28450664237656,44.304461658715184,66.94998545920798,464.6872090209027,151.2246086326258
950,0.0,0.0,0.0,0.0,0.0
951,2.4181635738799865,8.780547680429953,5.5297634075701,30.588967311193294,18.81752551128272
952,2.8501069955028484,57.78487701070431,0.0,253.04927656974868,119.01543416339868
953,0.5415794492084666,4.5698907564680065,0.0,0.20899770594108544,-1.384212975919943
954,1.3204905611369278,12.90698620851564,10.538609389108169,26.076514095596323,14.716891445698318
961,0.8492902691999721,21.78629205566669,18.144063411242737,35.096736185791215,15.225434473935813
962,2.7644745314706576,13.2671679392629,7.1180633527602275,43.08335469625466,32.56393415465351
964,1.4063733238187268,11.663844756098342,6.520627387653071,28.088448889271486,15.914971069971074
968,0.3752116389997509,17.988842602707987,16.993187001647794,24.134386311800693,7.128820385882077
970,0.35388607193035143,12.391579822020475,13.293685552931128,12.804157391869825,4.4232521113400205
972,0.23961328100845067,7.764323957498745,6.378805735548556,1.03143202179873,-1.2548046060545361
977,1.8967154995400208,12.971253613611704,0.0,9.433342704813416,-12.896778013876158
984,2.862059055077102,14.515179961032528,8.871708773018748,44.43737394688129,37.14817847885047
992,0.707511956703324,15.518627280554435,9.510180094648902,7.786234657329605,-10.515181808765968
995,2.236944441454824,9.966786345009153,7.213896706127795,22.69857505950814,17.60546132355417
997,2.275670460795792,15.214871095670809,7.066389560243041,39.6291491598885,31.25986298758308
998,0.5338575785023726,22.141036867645585,18.24330704759537,-3.381725033427705,-11.706931407262472
999,1.1822589808034472,13.273609046632274,12.669341657215512,27.924243263604833,14.152540310756606
1001,0.2916115317831301,15.059746539168097,13.220059429461658,11.37020898392552,4.5713004295892175
1006,1.0541165075173058,21.732814358448625,0.0,-9.230141207356784,-22.891157914301587
1011,1.7030800473802918,11.298503089464626,7.0914086075795035,29.065506225594348,18.609977738091942
1012,0.0,0.0,0.0,0.0,0.0
1013,0.5733085071565146,23.88366069938493,25.560509466551014,13.700120391339773,9.42432920396808
1014,1.6160354047453798,13.65974954545058,9.10432697424059,31.375476901707042,19.924387086403296
1019,2.279546983577435,14.611017773628811,7.032183593128699,37.36569514918083,29.527715192194645
1023,0.19500982392737634,40.39228050845949,22.016869129167002,42.30572811367331,-16.5365256355739
1026,1.7640412982718783,16.635390518096035,10.32044305937242,41.38502456972073,27.783271487605816
1027,0.0425791201033,50.76783164051387,47.61367350291557,22.61147355932263,-4.627130108140931
1029,1.245167495241735,5.404716593660352,0.0,-2.1521539954954063,-4.953113402353593
1030,0.0,0.0,0.0,0.0,0.0
1035,25.376605664648604,2.2252997387459432,0.08812406194550895,-4.433275532523374,-6.919356424797462
1036,0.0,0.0,0.0,0.0,0.0
1042,0.0,0.0,0.0,0.0,0.0
1045,4.993136065415919,80.06176315013893,77.44641323069962,339.9448887804022,279.03921037294293
1050,0.6909575836655675,49.65800953767053,45.33756607217964,74.60729232225654,35.17964170112095
1052,0.0,0.0,0.0,0.0,0.0
1054,1.2298242657019498,52.75265797923352,46.84418867159873,23.69687162951385,-36.31809201754119
1056,4.126425224053932,90.42630321238975,87.02406589735334,327.0090926703281,275.3352969798114
1060,1.3644341927792645,8.26802487827685,5.234020660696795,1.4647347675997915,-1.4474663447702678
1062,1.7217229786876407,11.474728738849455,0.0,-3.053957286142917,-15.392300115420753
1063,0.7215247985040102,5.700988609933642,0.0,-0.8837360179259711,-3.0642774146214955
1064,0.30939286119717196,13.590152995012636,8.981657373307296,3.927566908725009,-4.010176155338472
1066,10.570990325536746,9.497477093300134,8.851250263826682,-6.7792968967907505,-15.10903056049644
1075,1.27616689167564,16.836291312390316,14.105116474419544,49.83023762327609,24.763530400211447
